<?xml version="1.0" encoding="UTF-8" ?>
<!DOCTYPE mapper PUBLIC "-//mybatis.org//DTD Mapper 3.0//EN" "http://mybatis.org/dtd/mybatis-3-mapper.dtd" >
<mapper namespace="com.ssm.shop.dao.CmsSubjectProductRelationMapper" >

    <resultMap id="BaseResultMap" type="com.ssm.shop.pojo.CmsSubjectProductRelation" >
        <id column="id" property="id" jdbcType="BIGINT" />
        <result column="subject_id" property="subjectId" jdbcType="BIGINT" />
        <result column="product_id" property="productId" jdbcType="BIGINT" />
    </resultMap>

    <sql id="Base_Column_List" >
        id, subject_id, product_id
    </sql>

    <select id="listCmsSubjectProductRelationByPage" resultMap="BaseResultMap">
        select * from cms_subject_product_relation
        where 1=1
        <if test="subjectId !=0">
            and subject_id=#{subjectId}
        </if>
        <if test="productId !=0">
            and product_id=#{productId}
        </if>
        <if test="currentPage!=-1 and pageSize!=-1">
            limit #{currentPage},#{pageSize}
        </if>
    </select>

    <select id="selectCount" resultType="int">
        select count(1)
        from cms_subject_product_relation
        where 1=1
        <if test="subjectId !=0">
            and subject_id=#{subjectId}
        </if>
        <if test="productId !=0">
            and product_id=#{productId}
        </if>
    </select>

    <select id="selectByPrimaryKey" resultMap="BaseResultMap" parameterType="java.lang.Long" >
        select 
        <include refid="Base_Column_List" />
        from cms_subject_product_relation
        where id = #{id,jdbcType=BIGINT}
    </select>

    <delete id="deleteByPrimaryKey" parameterType="java.lang.Long" >
        delete from cms_subject_product_relation
        where id = #{id,jdbcType=BIGINT}
    </delete>

    <insert id="insert" parameterType="com.ssm.shop.pojo.CmsSubjectProductRelation" >
        insert into cms_subject_product_relation (id, subject_id, product_id
            )
        values (#{id,jdbcType=BIGINT}, #{subjectId,jdbcType=BIGINT}, #{productId,jdbcType=BIGINT}
            )
    </insert>

    <insert id="insertSelective" parameterType="com.ssm.shop.pojo.CmsSubjectProductRelation" >
        insert into cms_subject_product_relation
        <trim prefix="(" suffix=")" suffixOverrides="," >
            <if test="id != null" >
                id,
            </if>
            <if test="subjectId != null" >
                subject_id,
            </if>
            <if test="productId != null" >
                product_id,
            </if>
        </trim>
        <trim prefix="values (" suffix=")" suffixOverrides="," >
            <if test="id != null" >
                #{id,jdbcType=BIGINT},
            </if>
            <if test="subjectId != null" >
                #{subjectId,jdbcType=BIGINT},
            </if>
            <if test="productId != null" >
                #{productId,jdbcType=BIGINT},
            </if>
        </trim>
    </insert>

    <update id="updateByPrimaryKeySelective" parameterType="com.ssm.shop.pojo.CmsSubjectProductRelation" >
        update cms_subject_product_relation
        <set >
            <if test="subjectId != null" >
                subject_id = #{subjectId,jdbcType=BIGINT},
            </if>
            <if test="productId != null" >
                product_id = #{productId,jdbcType=BIGINT},
            </if>
        </set>
        where id = #{id,jdbcType=BIGINT}
    </update>

    <update id="updateByPrimaryKey" parameterType="com.ssm.shop.pojo.CmsSubjectProductRelation" >
        update cms_subject_product_relation
        set subject_id = #{subjectId,jdbcType=BIGINT},
            product_id = #{productId,jdbcType=BIGINT}
        where id = #{id,jdbcType=BIGINT}
    </update>
</mapper>