<?xml version="1.0" encoding="UTF-8" ?>
<!DOCTYPE mapper PUBLIC "-//mybatis.org//DTD Mapper 3.0//EN" "http://mybatis.org/dtd/mybatis-3-mapper.dtd" >
<mapper namespace="com.ssm.shop.dao.CmsSubjectCategoryMapper" >

    <resultMap id="BaseResultMap" type="com.ssm.shop.pojo.CmsSubjectCategory" >
        <id column="id" property="id" jdbcType="BIGINT" />
        <result column="name" property="name" jdbcType="VARCHAR" />
        <result column="icon" property="icon" jdbcType="VARCHAR" />
        <result column="subject_count" property="subjectCount" jdbcType="INTEGER" />
        <result column="show_status" property="showStatus" jdbcType="INTEGER" />
        <result column="sort" property="sort" jdbcType="INTEGER" />
    </resultMap>

    <sql id="Base_Column_List" >
        id, name, icon, subject_count, show_status, sort
    </sql>

    <select id="listCmsSubjectCategoryByPage" resultMap="BaseResultMap">
            select <include refid="Base_Column_List"></include>;
            from cms_subject_category
            where 1=1
            <if test="name !=null and name !='' ">
                and name=#{name}
            </if>
            <if test="showStatus !=null">
                and show_status=#{showStatus}
            </if>
            <if test="currentPage!=-1 and pageSize!=-1">
                limit #{currentPage},#{pageSize}
            </if>
    </select>

    <select id="selectCount" resultType="int">
        select count(1)
        from cms_subject_category
        where 1=1
        <if test="name !=null and name !='' ">
            and name=#{name}
        </if>
        <if test="showStatus !=null">
            and show_status=#{showStatus}
        </if>
    </select>

    <select id="selectByPrimaryKey" resultMap="BaseResultMap" parameterType="java.lang.Long" >
        select 
        <include refid="Base_Column_List" />
        from cms_subject_category
        where id = #{id,jdbcType=BIGINT}
    </select>

    <delete id="deleteByPrimaryKey" parameterType="java.lang.Long" >
        delete from cms_subject_category
        where id = #{id,jdbcType=BIGINT}
    </delete>

    <insert id="insert" parameterType="com.ssm.shop.pojo.CmsSubjectCategory" >
        insert into cms_subject_category (id, name, icon, 
            subject_count, show_status, sort
            )
        values (#{id,jdbcType=BIGINT}, #{name,jdbcType=VARCHAR}, #{icon,jdbcType=VARCHAR}, 
            #{subjectCount,jdbcType=INTEGER}, #{showStatus,jdbcType=INTEGER}, #{sort,jdbcType=INTEGER}
            )
    </insert>

    <insert id="insertSelective" parameterType="com.ssm.shop.pojo.CmsSubjectCategory" >
        insert into cms_subject_category
        <trim prefix="(" suffix=")" suffixOverrides="," >
            <if test="id != null" >
                id,
            </if>
            <if test="name != null" >
                name,
            </if>
            <if test="icon != null" >
                icon,
            </if>
            <if test="subjectCount != null" >
                subject_count,
            </if>
            <if test="showStatus != null" >
                show_status,
            </if>
            <if test="sort != null" >
                sort,
            </if>
        </trim>
        <trim prefix="values (" suffix=")" suffixOverrides="," >
            <if test="id != null" >
                #{id,jdbcType=BIGINT},
            </if>
            <if test="name != null" >
                #{name,jdbcType=VARCHAR},
            </if>
            <if test="icon != null" >
                #{icon,jdbcType=VARCHAR},
            </if>
            <if test="subjectCount != null" >
                #{subjectCount,jdbcType=INTEGER},
            </if>
            <if test="showStatus != null" >
                #{showStatus,jdbcType=INTEGER},
            </if>
            <if test="sort != null" >
                #{sort,jdbcType=INTEGER},
            </if>
        </trim>
    </insert>

    <update id="updateByPrimaryKeySelective" parameterType="com.ssm.shop.pojo.CmsSubjectCategory" >
        update cms_subject_category
        <set >
            <if test="name != null" >
                name = #{name,jdbcType=VARCHAR},
            </if>
            <if test="icon != null" >
                icon = #{icon,jdbcType=VARCHAR},
            </if>
            <if test="subjectCount != null" >
                subject_count = #{subjectCount,jdbcType=INTEGER},
            </if>
            <if test="showStatus != null" >
                show_status = #{showStatus,jdbcType=INTEGER},
            </if>
            <if test="sort != null" >
                sort = #{sort,jdbcType=INTEGER},
            </if>
        </set>
        where id = #{id,jdbcType=BIGINT}
    </update>

    <update id="updateByPrimaryKey" parameterType="com.ssm.shop.pojo.CmsSubjectCategory" >
        update cms_subject_category
        set name = #{name,jdbcType=VARCHAR},
            icon = #{icon,jdbcType=VARCHAR},
            subject_count = #{subjectCount,jdbcType=INTEGER},
            show_status = #{showStatus,jdbcType=INTEGER},
            sort = #{sort,jdbcType=INTEGER}
        where id = #{id,jdbcType=BIGINT}
    </update>
</mapper>