<?xml version="1.0" encoding="UTF-8" ?>
<!DOCTYPE mapper PUBLIC "-//mybatis.org//DTD Mapper 3.0//EN" "http://mybatis.org/dtd/mybatis-3-mapper.dtd" >
<mapper namespace="com.ssm.shop.dao.CmsSubjectCommentMapper" >

    <resultMap id="BaseResultMap" type="com.ssm.shop.pojo.CmsSubjectComment" >
        <id column="id" property="id" jdbcType="BIGINT" />
        <result column="subject_id" property="subjectId" jdbcType="BIGINT" />
        <result column="member_nick_name" property="memberNickName" jdbcType="VARCHAR" />
        <result column="member_icon" property="memberIcon" jdbcType="VARCHAR" />
        <result column="content" property="content" jdbcType="VARCHAR" />
        <result column="create_time" property="createTime" jdbcType="TIMESTAMP" />
        <result column="show_status" property="showStatus" jdbcType="INTEGER" />
    </resultMap>

    <sql id="Base_Column_List" >
        id, subject_id, member_nick_name, member_icon, content, create_time, show_status
    </sql>

    <select id="listCmsSubjectCommentByPage" resultMap="BaseResultMap">
        select <include refid="Base_Column_List"></include>
        from cms_subject_comment
        where 1=1
        <if test=" !=null and subjectId ！=‘’">
            and subject_id=#{subjectId}
        </if>
        <if test="currentPage!=-1 and pageSize!=-1">
            limit #{currentPage},#{pageSize}
        </if>
    </select>
    
    <select id="selectCount" resultType="int">
        select count(1)
        from cms_subject_comment
        where 1=1
        <if test=" !=null and subjectId ！=‘’">
            and subject_id=#{subjectId}
        </if>
    </select>

    <select id="selectByPrimaryKey" resultMap="BaseResultMap" parameterType="java.lang.Long" >
        select 
        <include refid="Base_Column_List" />
        from cms_subject_comment
        where id = #{id,jdbcType=BIGINT}
    </select>

    <delete id="deleteByPrimaryKey" parameterType="java.lang.Long" >
        delete from cms_subject_comment
        where id = #{id,jdbcType=BIGINT}
    </delete>

    <insert id="insert" parameterType="com.ssm.shop.pojo.CmsSubjectComment" >
        insert into cms_subject_comment (id, subject_id, member_nick_name, 
            member_icon, content, create_time, 
            show_status)
        values (#{id,jdbcType=BIGINT}, #{subjectId,jdbcType=BIGINT}, #{memberNickName,jdbcType=VARCHAR}, 
            #{memberIcon,jdbcType=VARCHAR}, #{content,jdbcType=VARCHAR}, #{createTime,jdbcType=TIMESTAMP}, 
            #{showStatus,jdbcType=INTEGER})
    </insert>

    <insert id="insertSelective" parameterType="com.ssm.shop.pojo.CmsSubjectComment" >
        insert into cms_subject_comment
        <trim prefix="(" suffix=")" suffixOverrides="," >
            <if test="id != null" >
                id,
            </if>
            <if test="subjectId != null" >
                subject_id,
            </if>
            <if test="memberNickName != null" >
                member_nick_name,
            </if>
            <if test="memberIcon != null" >
                member_icon,
            </if>
            <if test="content != null" >
                content,
            </if>
            <if test="createTime != null" >
                create_time,
            </if>
            <if test="showStatus != null" >
                show_status,
            </if>
        </trim>
        <trim prefix="values (" suffix=")" suffixOverrides="," >
            <if test="id != null" >
                #{id,jdbcType=BIGINT},
            </if>
            <if test="subjectId != null" >
                #{subjectId,jdbcType=BIGINT},
            </if>
            <if test="memberNickName != null" >
                #{memberNickName,jdbcType=VARCHAR},
            </if>
            <if test="memberIcon != null" >
                #{memberIcon,jdbcType=VARCHAR},
            </if>
            <if test="content != null" >
                #{content,jdbcType=VARCHAR},
            </if>
            <if test="createTime != null" >
                #{createTime,jdbcType=TIMESTAMP},
            </if>
            <if test="showStatus != null" >
                #{showStatus,jdbcType=INTEGER},
            </if>
        </trim>
    </insert>

    <update id="updateByPrimaryKeySelective" parameterType="com.ssm.shop.pojo.CmsSubjectComment" >
        update cms_subject_comment
        <set >
            <if test="subjectId != null" >
                subject_id = #{subjectId,jdbcType=BIGINT},
            </if>
            <if test="memberNickName != null" >
                member_nick_name = #{memberNickName,jdbcType=VARCHAR},
            </if>
            <if test="memberIcon != null" >
                member_icon = #{memberIcon,jdbcType=VARCHAR},
            </if>
            <if test="content != null" >
                content = #{content,jdbcType=VARCHAR},
            </if>
            <if test="createTime != null" >
                create_time = #{createTime,jdbcType=TIMESTAMP},
            </if>
            <if test="showStatus != null" >
                show_status = #{showStatus,jdbcType=INTEGER},
            </if>
        </set>
        where id = #{id,jdbcType=BIGINT}
    </update>

    <update id="updateByPrimaryKey" parameterType="com.ssm.shop.pojo.CmsSubjectComment" >
        update cms_subject_comment
        set subject_id = #{subjectId,jdbcType=BIGINT},
            member_nick_name = #{memberNickName,jdbcType=VARCHAR},
            member_icon = #{memberIcon,jdbcType=VARCHAR},
            content = #{content,jdbcType=VARCHAR},
            create_time = #{createTime,jdbcType=TIMESTAMP},
            show_status = #{showStatus,jdbcType=INTEGER}
        where id = #{id,jdbcType=BIGINT}
    </update>
</mapper>