<?xml version="1.0" encoding="UTF-8" ?>
<!DOCTYPE mapper PUBLIC "-//mybatis.org//DTD Mapper 3.0//EN" "http://mybatis.org/dtd/mybatis-3-mapper.dtd" >
<mapper namespace="com.ssm.shop.dao.PmsBannerMapper" >

    <resultMap id="BaseResultMap" type="com.ssm.shop.pojo.PmsBanner" >
        <id column="id" property="id" jdbcType="BIGINT" />
        <result column="title" property="title" jdbcType="VARCHAR" />
        <result column="content" property="content" jdbcType="VARCHAR" />
        <result column="img_url" property="imgUrl" jdbcType="VARCHAR" />
        <result column="sort" property="sort" jdbcType="VARCHAR" />
        <result column="create_time" property="createTime" jdbcType="VARCHAR" />
        <result column="types" property="types" jdbcType="VARCHAR" />
        <result column="relation_id" property="relationId" jdbcType="BIGINT" />
        <result column="is_redirect" property="isRedirect" jdbcType="VARCHAR" />
    </resultMap>

    <sql id="Base_Column_List" >
        id, title, content, img_url, sort, create_time, types, relation_id, is_redirect
    </sql>

    <select id="listPmsBannerByPage" resultMap="BaseResultMap">
        select * from pms_banner a
        <if test="currentPage!=-1 and pageSize!=-1">
            limit #{currentPage},#{pageSize}
        </if>
    </select>

    <select id="selectCount" resultType="int">
        select count(1) from pms_banner
    </select>

    <select id="selectByPrimaryKey" resultMap="BaseResultMap" parameterType="java.lang.Long" >
        select
        <include refid="Base_Column_List" />
        from pms_banner
        where id = #{id,jdbcType=BIGINT}
    </select>

    <delete id="deleteByPrimaryKey" parameterType="java.lang.Long" >
        delete from pms_banner
        where id = #{id,jdbcType=BIGINT}
    </delete>

    <insert id="insert" parameterType="com.ssm.shop.pojo.PmsBanner" >
        insert into pms_banner (id, title, content,
            img_url, sort, create_time,
            types, relation_id, is_redirect
            )
        values (#{id,jdbcType=BIGINT}, #{title,jdbcType=VARCHAR}, #{content,jdbcType=VARCHAR},
            #{imgUrl,jdbcType=VARCHAR}, #{sort,jdbcType=VARCHAR}, #{createTime,jdbcType=VARCHAR},
            #{types,jdbcType=VARCHAR}, #{relationId,jdbcType=BIGINT}, #{isRedirect,jdbcType=VARCHAR}
            )
    </insert>

    <insert id="insertSelective" parameterType="com.ssm.shop.pojo.PmsBanner" >
        insert into pms_banner
        <trim prefix="(" suffix=")" suffixOverrides="," >
            <if test="id != null" >
                id,
            </if>
            <if test="title != null" >
                title,
            </if>
            <if test="content != null" >
                content,
            </if>
            <if test="imgUrl != null" >
                img_url,
            </if>
            <if test="sort != null" >
                sort,
            </if>
            <if test="createTime != null" >
                create_time,
            </if>
            <if test="type != null" >
                type,
            </if>
            <if test="relationId != null" >
                relation_id,
            </if>
            <if test="isRedirect != null" >
                is_redirect,
            </if>
        </trim>
        <trim prefix="values (" suffix=")" suffixOverrides="," >
            <if test="id != null" >
                #{id,jdbcType=BIGINT},
            </if>
            <if test="title != null" >
                #{title,jdbcType=VARCHAR},
            </if>
            <if test="content != null" >
                #{content,jdbcType=VARCHAR},
            </if>
            <if test="imgUrl != null" >
                #{imgUrl,jdbcType=VARCHAR},
            </if>
            <if test="sort != null" >
                #{sort,jdbcType=VARCHAR},
            </if>
            <if test="createTime != null" >
                #{createTime,jdbcType=VARCHAR},
            </if>
            <if test="type != null" >
                #{type,jdbcType=VARCHAR},
            </if>
            <if test="relationId != null" >
                #{relationId,jdbcType=BIGINT},
            </if>
            <if test="isRedirect != null" >
                #{isRedirect,jdbcType=VARCHAR},
            </if>
        </trim>
    </insert>

    <update id="updateByPrimaryKeySelective" parameterType="com.ssm.shop.pojo.PmsBanner" >
        update pms_banner
        <set >
            <if test="title != null" >
                title = #{title,jdbcType=VARCHAR},
            </if>
            <if test="content != null" >
                content = #{content,jdbcType=VARCHAR},
            </if>
            <if test="imgUrl != null" >
                img_url = #{imgUrl,jdbcType=VARCHAR},
            </if>
            <if test="sort != null" >
                sort = #{sort,jdbcType=VARCHAR},
            </if>
            <if test="createTime != null" >
                create_time = #{createTime,jdbcType=VARCHAR},
            </if>
            <if test="type != null" >
                type = #{type,jdbcType=VARCHAR},
            </if>
            <if test="relationId != null" >
                relation_id = #{relationId,jdbcType=BIGINT},
            </if>
            <if test="isRedirect != null" >
                is_redirect = #{isRedirect,jdbcType=VARCHAR},
            </if>
        </set>
        where id = #{id,jdbcType=BIGINT}
    </update>

    <update id="updateByPrimaryKey" parameterType="com.ssm.shop.pojo.PmsBanner" >
        update pms_banner
        set title = #{title,jdbcType=VARCHAR},
            content = #{content,jdbcType=VARCHAR},
            img_url = #{imgUrl,jdbcType=VARCHAR},
            sort = #{sort,jdbcType=VARCHAR},
            create_time = #{createTime,jdbcType=VARCHAR},
            types = #{types,jdbcType=VARCHAR},
            relation_id = #{relationId,jdbcType=BIGINT},
            is_redirect = #{isRedirect,jdbcType=VARCHAR}
        where id = #{id,jdbcType=BIGINT}
    </update>
</mapper>