<?xml version="1.0" encoding="UTF-8" ?>
<!DOCTYPE mapper PUBLIC "-//mybatis.org//DTD Mapper 3.0//EN" "http://mybatis.org/dtd/mybatis-3-mapper.dtd" >
<mapper namespace="com.ssm.shop.dao.PmsProductMapper" >

    <resultMap id="BaseResultMap" type="com.ssm.shop.pojo.PmsProduct" >
        <id column="id" property="id" jdbcType="BIGINT" />
        <result column="brand_id" property="brandId" jdbcType="BIGINT" />
        <result column="cateParentId" property="cateParentId" jdbcType="BIGINT" />
        <result column="product_category_id" property="productCategoryId" jdbcType="BIGINT" />
        <result column="feight_template_id" property="feightTemplateId" jdbcType="BIGINT" />
        <result column="product_attribute_category_id" property="productAttributeCategoryId" jdbcType="BIGINT" />
        <result column="name" property="name" jdbcType="VARCHAR" />
        <result column="pic" property="pic" jdbcType="VARCHAR" />
        <result column="product_sn" property="productSn" jdbcType="VARCHAR" />
        <result column="delete_status" property="deleteStatus" jdbcType="INTEGER" />
        <result column="publish_status" property="publishStatus" jdbcType="INTEGER" />
        <result column="new_status" property="newStatus" jdbcType="INTEGER" />
        <result column="recommand_status" property="recommandStatus" jdbcType="INTEGER" />
        <result column="verify_status" property="verifyStatus" jdbcType="INTEGER" />
        <result column="sort" property="sort" jdbcType="INTEGER" />
        <result column="sale" property="sale" jdbcType="INTEGER" />
        <result column="price" property="price" jdbcType="DECIMAL" />
        <result column="promotion_price" property="promotionPrice" jdbcType="DECIMAL" />
        <result column="gift_growth" property="giftGrowth" jdbcType="INTEGER" />
        <result column="gift_point" property="giftPoint" jdbcType="INTEGER" />
        <result column="use_point_limit" property="usePointLimit" jdbcType="INTEGER" />
        <result column="sub_title" property="subTitle" jdbcType="VARCHAR" />
        <result column="description" property="description" jdbcType="LONGVARCHAR" />
        <result column="original_price" property="originalPrice" jdbcType="DECIMAL" />
        <result column="stock" property="stock" jdbcType="INTEGER" />
        <result column="low_stock" property="lowStock" jdbcType="INTEGER" />
        <result column="unit" property="unit" jdbcType="VARCHAR" />
        <result column="weight" property="weight" jdbcType="DECIMAL" />
        <result column="preview_status" property="previewStatus" jdbcType="INTEGER" />
        <result column="service_ids" property="serviceIds" jdbcType="VARCHAR" />
        <result column="keywords" property="keywords" jdbcType="VARCHAR" />
        <result column="note" property="note" jdbcType="VARCHAR" />
        <result column="album_pics" property="albumPics" jdbcType="VARCHAR" />
        <result column="detail_title" property="detailTitle" jdbcType="VARCHAR" />
        <result column="detail_desc" property="detailDesc" jdbcType="LONGVARCHAR" />
        <result column="detail_html" property="detailHtml" jdbcType="LONGVARCHAR" />
        <result column="detail_mobile_html" property="detailMobileHtml" jdbcType="LONGVARCHAR" />
        <result column="promotion_start_time" property="promotionStartTime" jdbcType="TIMESTAMP" />
        <result column="promotion_end_time" property="promotionEndTime" jdbcType="TIMESTAMP" />
        <result column="promotion_per_limit" property="promotionPerLimit" jdbcType="INTEGER" />
        <result column="promotion_type" property="promotionType" jdbcType="INTEGER" />
        <result column="brand_name" property="brandName" jdbcType="VARCHAR" />
        <result column="product_category_name" property="productCategoryName" jdbcType="VARCHAR" />
    </resultMap>

    <resultMap id="PmsProductLadder" type="com.ssm.shop.pojo.PmsProductLadder" >
        <id column="id" property="id" jdbcType="BIGINT" />
        <result column="product_id" property="productId" jdbcType="BIGINT" />
        <result column="count" property="count" jdbcType="INTEGER" />
        <result column="discount" property="discount" jdbcType="DECIMAL" />
        <result column="price" property="price" jdbcType="DECIMAL" />
    </resultMap>

    <resultMap id="productFullReduction" type="com.ssm.shop.pojo.PmsProductFullReduction" >
        <id column="id" property="id" jdbcType="BIGINT" />
        <result column="product_id" property="productId" jdbcType="BIGINT" />
        <result column="full_price" property="fullPrice" jdbcType="DECIMAL" />
        <result column="reduce_price" property="reducePrice" jdbcType="DECIMAL" />
    </resultMap>

    <resultMap id="memberPrice" type="com.ssm.shop.pojo.PmsMemberPrice" >
        <id column="id" property="id" jdbcType="BIGINT" />
        <result column="product_id" property="productId" jdbcType="BIGINT" />
        <result column="member_level_id" property="memberLevelId" jdbcType="BIGINT" />
        <result column="member_price" property="memberPrice" jdbcType="DECIMAL" />
        <result column="member_level_name" property="memberLevelName" jdbcType="VARCHAR" />
    </resultMap>

    <resultMap id="skuStock" type="com.ssm.shop.pojo.PmsSkuStock" >
        <id column="id" property="id" jdbcType="BIGINT" />
        <result column="product_id" property="productId" jdbcType="BIGINT" />
        <result column="sku_code" property="skuCode" jdbcType="VARCHAR" />
        <result column="price" property="price" jdbcType="DECIMAL" />
        <result column="stock" property="stock" jdbcType="INTEGER" />
        <result column="low_stock" property="lowStock" jdbcType="INTEGER" />
        <result column="sp1" property="sp1" jdbcType="VARCHAR" />
        <result column="sp2" property="sp2" jdbcType="VARCHAR" />
        <result column="sp3" property="sp3" jdbcType="VARCHAR" />
        <result column="pic" property="pic" jdbcType="VARCHAR" />
        <result column="sale" property="sale" jdbcType="INTEGER" />
        <result column="promotion_price" property="promotionPrice" jdbcType="DECIMAL" />
        <result column="lock_stock" property="lockStock" jdbcType="INTEGER" />
    </resultMap>

    <resultMap id="productAttributeValue" type="com.ssm.shop.pojo.PmsProductAttribute" >
        <id column="id" property="id" jdbcType="BIGINT" />
        <result column="product_attribute_category_id" property="productAttributeCategoryId" jdbcType="BIGINT" />
        <result column="name" property="name" jdbcType="VARCHAR" />
        <result column="select_type" property="selectType" jdbcType="INTEGER" />
        <result column="input_type" property="inputType" jdbcType="INTEGER" />
        <result column="input_list" property="inputList" jdbcType="VARCHAR" />
        <result column="sort" property="sort" jdbcType="INTEGER" />
        <result column="filter_type" property="filterType" jdbcType="INTEGER" />
        <result column="search_type" property="searchType" jdbcType="INTEGER" />
        <result column="related_status" property="relatedStatus" jdbcType="INTEGER" />
        <result column="hand_add_status" property="handAddStatus" jdbcType="INTEGER" />
        <result column="type" property="type" jdbcType="INTEGER" />
    </resultMap>

    <resultMap id="subjectProductRelation" type="com.ssm.shop.pojo.CmsSubjectProductRelation" >
        <id column="id" property="id" jdbcType="BIGINT" />
        <result column="subject_id" property="subjectId" jdbcType="BIGINT" />
        <result column="product_id" property="productId" jdbcType="BIGINT" />
    </resultMap>

    <resultMap id="updateInfoMap" type="com.ssm.shop.pojo.PmsProduct" extends="BaseResultMap">
        <result column="cateParentId" jdbcType="BIGINT" property="cateParentId" />
        <collection property="productLadderList" columnPrefix="ladder_" resultMap="PmsProductLadder">
        </collection>
        <collection property="productFullReductionList" columnPrefix="full_" resultMap="productFullReduction">
        </collection>
        <collection property="memberPriceList" columnPrefix="member_" resultMap="memberPrice">
        </collection>
        <collection property="skuStockList" columnPrefix="sku_" resultMap="skuStock">
        </collection>
        <collection property="productAttributeValueList" columnPrefix="attribute_" resultMap="productAttributeValue">
        </collection>
        <collection property="subjectProductRelationList" column="{productId=id}" select="selectSubjectProductRelationByProductId"/>
<!--        <collection property="prefrenceAreaProductRelationList" column="{productId=id}" select="selectPrefrenceAreaProductRelationByProductId"/>-->

    </resultMap>

    <select id="selectSubjectProductRelationByProductId" resultMap="subjectProductRelation">
        select * from cms_subject_product_relation where product_id=#{productId}
    </select>

    <select id="getUpdateInfo" resultMap="updateInfoMap">
        SELECT *,
            pc.parent_id cateParentId,
            l.id ladder_id,l.product_id ladder_product_id,l.discount ladder_discount,l.count ladder_count,l.price ladder_price,
            pf.id full_id,pf.product_id full_product_id,pf.full_price full_full_price,pf.reduce_price full_reduce_price,
            m.id member_id,m.product_id member_product_id,m.member_level_id member_member_level_id,m.member_price member_member_price,m.member_level_name member_member_level_name,
            s.id sku_id,s.product_id sku_product_id,s.price sku_price,s.low_stock sku_low_stock,s.pic sku_pic,s.sale sku_sale,s.sku_code sku_sku_code,s.sp1 sku_sp1,s.sp2 sku_sp2,s.sp3 sku_sp3,s.stock sku_stock,
            a.id attribute_id,a.product_id attribute_product_id,a.product_attribute_id attribute_product_attribute_id,a.value attribute_value
        FROM pms_product p
        LEFT JOIN pms_product_category pc on pc.id = p.product_category_id
        LEFT JOIN pms_product_ladder l ON p.id = l.product_id
        LEFT JOIN pms_product_full_reduction pf ON pf.product_id=p.id
        LEFT JOIN pms_member_price m ON m.product_id = p.id
        LEFT JOIN pms_sku_stock s ON s.product_id = p.id
        LEFT JOIN pms_product_attribute_value a ON a.product_id=p.id
        WHERE p.id=#{id};
    </select>

    <sql id="Base_Column_List" >
        id, brand_id, product_category_id, feight_template_id, product_attribute_category_id, 
        name, pic, product_sn, delete_status, publish_status, new_status, recommand_status, 
        verify_status, sort, sale, price, promotion_price, gift_growth, gift_point, use_point_limit, 
        sub_title, description, original_price, stock, low_stock, unit, weight, preview_status, 
        service_ids, keywords, note, album_pics, detail_title, detail_desc, detail_html, 
        detail_mobile_html, promotion_start_time, promotion_end_time, promotion_per_limit, 
        promotion_type, brand_name, product_category_name
    </sql>

    <select id="listPmsProductByPage" resultMap="BaseResultMap">
        select <include refid="Base_Column_List"></include>
        from pms_product
        <if test="currentPage!=-1 and pageSize!=-1">
            limit #{currentPage},#{pageSize}
        </if>
    </select>

    <select id="listPmsProductByPage1" resultMap="updateInfoMap">
        SELECT *,
            pc.parent_id cateParentId,
            l.id ladder_id,l.product_id ladder_product_id,l.discount ladder_discount,l.count ladder_count,l.price ladder_price,
            pf.id full_id,pf.product_id full_product_id,pf.full_price full_full_price,pf.reduce_price full_reduce_price,
            m.id member_id,m.product_id member_product_id,m.member_level_id member_member_level_id,m.member_price member_member_price,m.member_level_name member_member_level_name,
            s.id sku_id,s.product_id sku_product_id,s.price sku_price,s.low_stock sku_low_stock,s.pic sku_pic,s.sale sku_sale,s.sku_code sku_sku_code,s.sp1 sku_sp1,s.sp2 sku_sp2,s.sp3 sku_sp3,s.stock sku_stock,
            a.id attribute_id,a.product_id attribute_product_id,a.product_attribute_id attribute_product_attribute_id,a.value attribute_value
        FROM pms_product p
        LEFT JOIN pms_product_category pc on pc.id = p.product_category_id
        LEFT JOIN pms_product_ladder l ON p.id = l.product_id
        LEFT JOIN pms_product_full_reduction pf ON pf.product_id=p.id
        LEFT JOIN pms_member_price m ON m.product_id = p.id
        LEFT JOIN pms_sku_stock s ON s.product_id = p.id
        LEFT JOIN pms_product_attribute_value a ON a.product_id=p.id
        <if test="currentPage!=-1 and pageSize!=-1">
            limit #{currentPage},#{pageSize}
        </if>
    </select>

    <select id="selectCount" resultType="int">
        select count(1) from pms_product
    </select>

    <select id="selectByPrimaryKey" resultMap="BaseResultMap" parameterType="java.lang.Long" >
        select 
        <include refid="Base_Column_List" />
        from pms_product
        where id = #{id,jdbcType=BIGINT}
    </select>

    <delete id="deleteByPrimaryKey" parameterType="java.lang.Long" >
        delete from pms_product
        where id = #{id,jdbcType=BIGINT}
    </delete>

    <insert id="insert" parameterType="com.ssm.shop.pojo.PmsProduct" useGeneratedKeys="true" keyProperty="id">
        insert into pms_product (id, brand_id, product_category_id, 
            feight_template_id, product_attribute_category_id, 
            name, pic, product_sn, 
            delete_status, publish_status, new_status, 
            recommand_status, verify_status, sort, 
            sale, price, promotion_price, 
            gift_growth, gift_point, use_point_limit, 
            sub_title, description, original_price, 
            stock, low_stock, unit, 
            weight, preview_status, service_ids, 
            keywords, note, album_pics, 
            detail_title, detail_desc, detail_html, 
            detail_mobile_html, promotion_start_time, 
            promotion_end_time, promotion_per_limit, 
            promotion_type, brand_name, product_category_name
            )
        values (#{id,jdbcType=BIGINT}, #{brandId,jdbcType=BIGINT}, #{productCategoryId,jdbcType=BIGINT}, 
            #{feightTemplateId,jdbcType=BIGINT}, #{productAttributeCategoryId,jdbcType=BIGINT}, 
            #{name,jdbcType=VARCHAR}, #{pic,jdbcType=VARCHAR}, #{productSn,jdbcType=VARCHAR}, 
            #{deleteStatus,jdbcType=INTEGER}, #{publishStatus,jdbcType=INTEGER}, #{newStatus,jdbcType=INTEGER}, 
            #{recommandStatus,jdbcType=INTEGER}, #{verifyStatus,jdbcType=INTEGER}, #{sort,jdbcType=INTEGER}, 
            #{sale,jdbcType=INTEGER}, #{price,jdbcType=DECIMAL}, #{promotionPrice,jdbcType=DECIMAL}, 
            #{giftGrowth,jdbcType=INTEGER}, #{giftPoint,jdbcType=INTEGER}, #{usePointLimit,jdbcType=INTEGER}, 
            #{subTitle,jdbcType=VARCHAR}, #{description,jdbcType=LONGVARCHAR}, #{originalPrice,jdbcType=DECIMAL}, 
            #{stock,jdbcType=INTEGER}, #{lowStock,jdbcType=INTEGER}, #{unit,jdbcType=VARCHAR}, 
            #{weight,jdbcType=DECIMAL}, #{previewStatus,jdbcType=INTEGER}, #{serviceIds,jdbcType=VARCHAR}, 
            #{keywords,jdbcType=VARCHAR}, #{note,jdbcType=VARCHAR}, #{albumPics,jdbcType=VARCHAR}, 
            #{detailTitle,jdbcType=VARCHAR}, #{detailDesc,jdbcType=LONGVARCHAR}, #{detailHtml,jdbcType=LONGVARCHAR}, 
            #{detailMobileHtml,jdbcType=LONGVARCHAR}, #{promotionStartTime,jdbcType=TIMESTAMP}, 
            #{promotionEndTime,jdbcType=TIMESTAMP}, #{promotionPerLimit,jdbcType=INTEGER}, 
            #{promotionType,jdbcType=INTEGER}, #{brandName,jdbcType=VARCHAR}, #{productCategoryName,jdbcType=VARCHAR}
            )
    </insert>

    <insert id="insertSelective" parameterType="com.ssm.shop.pojo.PmsProduct" useGeneratedKeys="true" keyProperty="id">
        insert into pms_product
        <trim prefix="(" suffix=")" suffixOverrides="," >
            <if test="id != null" >
                id,
            </if>
            <if test="brandId != null" >
                brand_id,
            </if>
            <if test="productCategoryId != null" >
                product_category_id,
            </if>
            <if test="feightTemplateId != null" >
                feight_template_id,
            </if>
            <if test="productAttributeCategoryId != null" >
                product_attribute_category_id,
            </if>
            <if test="name != null" >
                name,
            </if>
            <if test="pic != null" >
                pic,
            </if>
            <if test="productSn != null" >
                product_sn,
            </if>
            <if test="deleteStatus != null" >
                delete_status,
            </if>
            <if test="publishStatus != null" >
                publish_status,
            </if>
            <if test="newStatus != null" >
                new_status,
            </if>
            <if test="recommandStatus != null" >
                recommand_status,
            </if>
            <if test="verifyStatus != null" >
                verify_status,
            </if>
            <if test="sort != null" >
                sort,
            </if>
            <if test="sale != null" >
                sale,
            </if>
            <if test="price != null" >
                price,
            </if>
            <if test="promotionPrice != null" >
                promotion_price,
            </if>
            <if test="giftGrowth != null" >
                gift_growth,
            </if>
            <if test="giftPoint != null" >
                gift_point,
            </if>
            <if test="usePointLimit != null" >
                use_point_limit,
            </if>
            <if test="subTitle != null" >
                sub_title,
            </if>
            <if test="description != null" >
                description,
            </if>
            <if test="originalPrice != null" >
                original_price,
            </if>
            <if test="stock != null" >
                stock,
            </if>
            <if test="lowStock != null" >
                low_stock,
            </if>
            <if test="unit != null" >
                unit,
            </if>
            <if test="weight != null" >
                weight,
            </if>
            <if test="previewStatus != null" >
                preview_status,
            </if>
            <if test="serviceIds != null" >
                service_ids,
            </if>
            <if test="keywords != null" >
                keywords,
            </if>
            <if test="note != null" >
                note,
            </if>
            <if test="albumPics != null" >
                album_pics,
            </if>
            <if test="detailTitle != null" >
                detail_title,
            </if>
            <if test="detailDesc != null" >
                detail_desc,
            </if>
            <if test="detailHtml != null" >
                detail_html,
            </if>
            <if test="detailMobileHtml != null" >
                detail_mobile_html,
            </if>
            <if test="promotionStartTime != null" >
                promotion_start_time,
            </if>
            <if test="promotionEndTime != null" >
                promotion_end_time,
            </if>
            <if test="promotionPerLimit != null" >
                promotion_per_limit,
            </if>
            <if test="promotionType != null" >
                promotion_type,
            </if>
            <if test="brandName != null" >
                brand_name,
            </if>
            <if test="productCategoryName != null" >
                product_category_name,
            </if>
        </trim>
        <trim prefix="values (" suffix=")" suffixOverrides="," >
            <if test="id != null" >
                #{id,jdbcType=BIGINT},
            </if>
            <if test="brandId != null" >
                #{brandId,jdbcType=BIGINT},
            </if>
            <if test="productCategoryId != null" >
                #{productCategoryId,jdbcType=BIGINT},
            </if>
            <if test="feightTemplateId != null" >
                #{feightTemplateId,jdbcType=BIGINT},
            </if>
            <if test="productAttributeCategoryId != null" >
                #{productAttributeCategoryId,jdbcType=BIGINT},
            </if>
            <if test="name != null" >
                #{name,jdbcType=VARCHAR},
            </if>
            <if test="pic != null" >
                #{pic,jdbcType=VARCHAR},
            </if>
            <if test="productSn != null" >
                #{productSn,jdbcType=VARCHAR},
            </if>
            <if test="deleteStatus != null" >
                #{deleteStatus,jdbcType=INTEGER},
            </if>
            <if test="publishStatus != null" >
                #{publishStatus,jdbcType=INTEGER},
            </if>
            <if test="newStatus != null" >
                #{newStatus,jdbcType=INTEGER},
            </if>
            <if test="recommandStatus != null" >
                #{recommandStatus,jdbcType=INTEGER},
            </if>
            <if test="verifyStatus != null" >
                #{verifyStatus,jdbcType=INTEGER},
            </if>
            <if test="sort != null" >
                #{sort,jdbcType=INTEGER},
            </if>
            <if test="sale != null" >
                #{sale,jdbcType=INTEGER},
            </if>
            <if test="price != null" >
                #{price,jdbcType=DECIMAL},
            </if>
            <if test="promotionPrice != null" >
                #{promotionPrice,jdbcType=DECIMAL},
            </if>
            <if test="giftGrowth != null" >
                #{giftGrowth,jdbcType=INTEGER},
            </if>
            <if test="giftPoint != null" >
                #{giftPoint,jdbcType=INTEGER},
            </if>
            <if test="usePointLimit != null" >
                #{usePointLimit,jdbcType=INTEGER},
            </if>
            <if test="subTitle != null" >
                #{subTitle,jdbcType=VARCHAR},
            </if>
            <if test="description != null" >
                #{description,jdbcType=LONGVARCHAR},
            </if>
            <if test="originalPrice != null" >
                #{originalPrice,jdbcType=DECIMAL},
            </if>
            <if test="stock != null" >
                #{stock,jdbcType=INTEGER},
            </if>
            <if test="lowStock != null" >
                #{lowStock,jdbcType=INTEGER},
            </if>
            <if test="unit != null" >
                #{unit,jdbcType=VARCHAR},
            </if>
            <if test="weight != null" >
                #{weight,jdbcType=DECIMAL},
            </if>
            <if test="previewStatus != null" >
                #{previewStatus,jdbcType=INTEGER},
            </if>
            <if test="serviceIds != null" >
                #{serviceIds,jdbcType=VARCHAR},
            </if>
            <if test="keywords != null" >
                #{keywords,jdbcType=VARCHAR},
            </if>
            <if test="note != null" >
                #{note,jdbcType=VARCHAR},
            </if>
            <if test="albumPics != null" >
                #{albumPics,jdbcType=VARCHAR},
            </if>
            <if test="detailTitle != null" >
                #{detailTitle,jdbcType=VARCHAR},
            </if>
            <if test="detailDesc != null" >
                #{detailDesc,jdbcType=LONGVARCHAR},
            </if>
            <if test="detailHtml != null" >
                #{detailHtml,jdbcType=LONGVARCHAR},
            </if>
            <if test="detailMobileHtml != null" >
                #{detailMobileHtml,jdbcType=LONGVARCHAR},
            </if>
            <if test="promotionStartTime != null" >
                #{promotionStartTime,jdbcType=TIMESTAMP},
            </if>
            <if test="promotionEndTime != null" >
                #{promotionEndTime,jdbcType=TIMESTAMP},
            </if>
            <if test="promotionPerLimit != null" >
                #{promotionPerLimit,jdbcType=INTEGER},
            </if>
            <if test="promotionType != null" >
                #{promotionType,jdbcType=INTEGER},
            </if>
            <if test="brandName != null" >
                #{brandName,jdbcType=VARCHAR},
            </if>
            <if test="productCategoryName != null" >
                #{productCategoryName,jdbcType=VARCHAR},
            </if>
        </trim>
    </insert>

    <update id="updateByPrimaryKeySelective" parameterType="com.ssm.shop.pojo.PmsProduct" >
        update pms_product
        <set >
            <if test="brandId != null" >
                brand_id = #{brandId,jdbcType=BIGINT},
            </if>
            <if test="productCategoryId != null" >
                product_category_id = #{productCategoryId,jdbcType=BIGINT},
            </if>
            <if test="feightTemplateId != null" >
                feight_template_id = #{feightTemplateId,jdbcType=BIGINT},
            </if>
            <if test="productAttributeCategoryId != null" >
                product_attribute_category_id = #{productAttributeCategoryId,jdbcType=BIGINT},
            </if>
            <if test="name != null" >
                name = #{name,jdbcType=VARCHAR},
            </if>
            <if test="pic != null" >
                pic = #{pic,jdbcType=VARCHAR},
            </if>
            <if test="productSn != null" >
                product_sn = #{productSn,jdbcType=VARCHAR},
            </if>
            <if test="deleteStatus != null" >
                delete_status = #{deleteStatus,jdbcType=INTEGER},
            </if>
            <if test="publishStatus != null" >
                publish_status = #{publishStatus,jdbcType=INTEGER},
            </if>
            <if test="newStatus != null" >
                new_status = #{newStatus,jdbcType=INTEGER},
            </if>
            <if test="recommandStatus != null" >
                recommand_status = #{recommandStatus,jdbcType=INTEGER},
            </if>
            <if test="verifyStatus != null" >
                verify_status = #{verifyStatus,jdbcType=INTEGER},
            </if>
            <if test="sort != null" >
                sort = #{sort,jdbcType=INTEGER},
            </if>
            <if test="sale != null" >
                sale = #{sale,jdbcType=INTEGER},
            </if>
            <if test="price != null" >
                price = #{price,jdbcType=DECIMAL},
            </if>
            <if test="promotionPrice != null" >
                promotion_price = #{promotionPrice,jdbcType=DECIMAL},
            </if>
            <if test="giftGrowth != null" >
                gift_growth = #{giftGrowth,jdbcType=INTEGER},
            </if>
            <if test="giftPoint != null" >
                gift_point = #{giftPoint,jdbcType=INTEGER},
            </if>
            <if test="usePointLimit != null" >
                use_point_limit = #{usePointLimit,jdbcType=INTEGER},
            </if>
            <if test="subTitle != null" >
                sub_title = #{subTitle,jdbcType=VARCHAR},
            </if>
            <if test="description != null" >
                description = #{description,jdbcType=LONGVARCHAR},
            </if>
            <if test="originalPrice != null" >
                original_price = #{originalPrice,jdbcType=DECIMAL},
            </if>
            <if test="stock != null" >
                stock = #{stock,jdbcType=INTEGER},
            </if>
            <if test="lowStock != null" >
                low_stock = #{lowStock,jdbcType=INTEGER},
            </if>
            <if test="unit != null" >
                unit = #{unit,jdbcType=VARCHAR},
            </if>
            <if test="weight != null" >
                weight = #{weight,jdbcType=DECIMAL},
            </if>
            <if test="previewStatus != null" >
                preview_status = #{previewStatus,jdbcType=INTEGER},
            </if>
            <if test="serviceIds != null" >
                service_ids = #{serviceIds,jdbcType=VARCHAR},
            </if>
            <if test="keywords != null" >
                keywords = #{keywords,jdbcType=VARCHAR},
            </if>
            <if test="note != null" >
                note = #{note,jdbcType=VARCHAR},
            </if>
            <if test="albumPics != null" >
                album_pics = #{albumPics,jdbcType=VARCHAR},
            </if>
            <if test="detailTitle != null" >
                detail_title = #{detailTitle,jdbcType=VARCHAR},
            </if>
            <if test="detailDesc != null" >
                detail_desc = #{detailDesc,jdbcType=LONGVARCHAR},
            </if>
            <if test="detailHtml != null" >
                detail_html = #{detailHtml,jdbcType=LONGVARCHAR},
            </if>
            <if test="detailMobileHtml != null" >
                detail_mobile_html = #{detailMobileHtml,jdbcType=LONGVARCHAR},
            </if>
            <if test="promotionStartTime != null" >
                promotion_start_time = #{promotionStartTime,jdbcType=TIMESTAMP},
            </if>
            <if test="promotionEndTime != null" >
                promotion_end_time = #{promotionEndTime,jdbcType=TIMESTAMP},
            </if>
            <if test="promotionPerLimit != null" >
                promotion_per_limit = #{promotionPerLimit,jdbcType=INTEGER},
            </if>
            <if test="promotionType != null" >
                promotion_type = #{promotionType,jdbcType=INTEGER},
            </if>
            <if test="brandName != null" >
                brand_name = #{brandName,jdbcType=VARCHAR},
            </if>
            <if test="productCategoryName != null" >
                product_category_name = #{productCategoryName,jdbcType=VARCHAR},
            </if>
        </set>
        where id = #{id,jdbcType=BIGINT}
    </update>

    <update id="updateByPrimaryKey" parameterType="com.ssm.shop.pojo.PmsProduct" >
        update pms_product
        set brand_id = #{brandId,jdbcType=BIGINT},
            product_category_id = #{productCategoryId,jdbcType=BIGINT},
            feight_template_id = #{feightTemplateId,jdbcType=BIGINT},
            product_attribute_category_id = #{productAttributeCategoryId,jdbcType=BIGINT},
            name = #{name,jdbcType=VARCHAR},
            pic = #{pic,jdbcType=VARCHAR},
            product_sn = #{productSn,jdbcType=VARCHAR},
            delete_status = #{deleteStatus,jdbcType=INTEGER},
            publish_status = #{publishStatus,jdbcType=INTEGER},
            new_status = #{newStatus,jdbcType=INTEGER},
            recommand_status = #{recommandStatus,jdbcType=INTEGER},
            verify_status = #{verifyStatus,jdbcType=INTEGER},
            sort = #{sort,jdbcType=INTEGER},
            sale = #{sale,jdbcType=INTEGER},
            price = #{price,jdbcType=DECIMAL},
            promotion_price = #{promotionPrice,jdbcType=DECIMAL},
            gift_growth = #{giftGrowth,jdbcType=INTEGER},
            gift_point = #{giftPoint,jdbcType=INTEGER},
            use_point_limit = #{usePointLimit,jdbcType=INTEGER},
            sub_title = #{subTitle,jdbcType=VARCHAR},
            description = #{description,jdbcType=LONGVARCHAR},
            original_price = #{originalPrice,jdbcType=DECIMAL},
            stock = #{stock,jdbcType=INTEGER},
            low_stock = #{lowStock,jdbcType=INTEGER},
            unit = #{unit,jdbcType=VARCHAR},
            weight = #{weight,jdbcType=DECIMAL},
            preview_status = #{previewStatus,jdbcType=INTEGER},
            service_ids = #{serviceIds,jdbcType=VARCHAR},
            keywords = #{keywords,jdbcType=VARCHAR},
            note = #{note,jdbcType=VARCHAR},
            album_pics = #{albumPics,jdbcType=VARCHAR},
            detail_title = #{detailTitle,jdbcType=VARCHAR},
            detail_desc = #{detailDesc,jdbcType=LONGVARCHAR},
            detail_html = #{detailHtml,jdbcType=LONGVARCHAR},
            detail_mobile_html = #{detailMobileHtml,jdbcType=LONGVARCHAR},
            promotion_start_time = #{promotionStartTime,jdbcType=TIMESTAMP},
            promotion_end_time = #{promotionEndTime,jdbcType=TIMESTAMP},
            promotion_per_limit = #{promotionPerLimit,jdbcType=INTEGER},
            promotion_type = #{promotionType,jdbcType=INTEGER},
            brand_name = #{brandName,jdbcType=VARCHAR},
            product_category_name = #{productCategoryName,jdbcType=VARCHAR}
        where id = #{id,jdbcType=BIGINT}
    </update>
</mapper>