<?xml version="1.0" encoding="UTF-8" ?>
<!DOCTYPE mapper PUBLIC "-//mybatis.org//DTD Mapper 3.0//EN" "http://mybatis.org/dtd/mybatis-3-mapper.dtd" >
<mapper namespace="com.ssm.shop.dao.PmsProductAttributeCategoryMapper" >

    <resultMap id="BaseResultMap" type="com.ssm.shop.pojo.PmsProductAttributeCategory" >
        <id column="id" property="id" jdbcType="BIGINT" />
        <result column="name" property="name" jdbcType="VARCHAR" />
        <result column="attribute_count" property="attributeCount" jdbcType="INTEGER" />
        <result column="param_count" property="paramCount" jdbcType="INTEGER" />
    </resultMap>

    <sql id="Base_Column_List" >
        id, name, attribute_count, param_count
    </sql>

    <select id="listPmsProductAttributeCategoryByPage" resultMap="BaseResultMap">
        select * from pms_product_attribute_category
        <if test="currentPage!=-1 and pageSize!=-1">
            limit #{currentPage},#{pageSize}
        </if>
    </select>

    <select id="selectCount" resultType="int">
        select count(1) from pms_product_attribute_category
    </select>

    <select id="selectByPrimaryKey" resultMap="BaseResultMap" parameterType="java.lang.Long" >
        select 
        <include refid="Base_Column_List" />
        from pms_product_attribute_category
        where id = #{id,jdbcType=BIGINT}
    </select>

    <delete id="deleteByPrimaryKey" parameterType="java.lang.Long" >
        delete from pms_product_attribute_category
        where id = #{id,jdbcType=BIGINT}
    </delete>

    <insert id="insert" parameterType="com.ssm.shop.pojo.PmsProductAttributeCategory" >
        insert into pms_product_attribute_category (id, name, attribute_count, 
            param_count)
        values (#{id,jdbcType=BIGINT}, #{name,jdbcType=VARCHAR}, #{attributeCount,jdbcType=INTEGER}, 
            #{paramCount,jdbcType=INTEGER})
    </insert>

    <insert id="insertSelective" parameterType="com.ssm.shop.pojo.PmsProductAttributeCategory" >
        insert into pms_product_attribute_category
        <trim prefix="(" suffix=")" suffixOverrides="," >
            <if test="id != null" >
                id,
            </if>
            <if test="name != null" >
                name,
            </if>
            <if test="attributeCount != null" >
                attribute_count,
            </if>
            <if test="paramCount != null" >
                param_count,
            </if>
        </trim>
        <trim prefix="values (" suffix=")" suffixOverrides="," >
            <if test="id != null" >
                #{id,jdbcType=BIGINT},
            </if>
            <if test="name != null" >
                #{name,jdbcType=VARCHAR},
            </if>
            <if test="attributeCount != null" >
                #{attributeCount,jdbcType=INTEGER},
            </if>
            <if test="paramCount != null" >
                #{paramCount,jdbcType=INTEGER},
            </if>
        </trim>
    </insert>

    <update id="updateByPrimaryKeySelective" parameterType="com.ssm.shop.pojo.PmsProductAttributeCategory" >
        update pms_product_attribute_category
        <set >
            <if test="name != null" >
                name = #{name,jdbcType=VARCHAR},
            </if>
            <if test="attributeCount != null" >
                attribute_count = #{attributeCount,jdbcType=INTEGER},
            </if>
            <if test="paramCount != null" >
                param_count = #{paramCount,jdbcType=INTEGER},
            </if>
        </set>
        where id = #{id,jdbcType=BIGINT}
    </update>

    <update id="updateByPrimaryKey" parameterType="com.ssm.shop.pojo.PmsProductAttributeCategory" >
        update pms_product_attribute_category
        set name = #{name,jdbcType=VARCHAR},
            attribute_count = #{attributeCount,jdbcType=INTEGER},
            param_count = #{paramCount,jdbcType=INTEGER}
        where id = #{id,jdbcType=BIGINT}
    </update>
</mapper>