<?xml version="1.0" encoding="UTF-8" ?>
<!DOCTYPE mapper PUBLIC "-//mybatis.org//DTD Mapper 3.0//EN" "http://mybatis.org/dtd/mybatis-3-mapper.dtd" >
<mapper namespace="com.ssm.shop.dao.PmsProductAttributeValueMapper" >

    <resultMap id="BaseResultMap" type="com.ssm.shop.pojo.PmsProductAttributeValue" >
        <id column="id" property="id" jdbcType="BIGINT" />
        <result column="product_id" property="productId" jdbcType="BIGINT" />
        <result column="product_attribute_id" property="productAttributeId" jdbcType="BIGINT" />
        <result column="value" property="value" jdbcType="VARCHAR" />
    </resultMap>

    <sql id="Base_Column_List" >
        id, product_id, product_attribute_id, value
    </sql>

    <select id="listPmsProductAttributeValueByPage" resultMap="BaseResultMap">
        select * from pms_product_attribute_value
        where 1=1
        <if test="productId !=0">
            and product_id=#{productId}
        </if>
        <if test="productAttributeId !=0">
            and product_attribute_id=#{productAttributeId}
        </if>
        <if test="currentPage!=-1 and pageSize!=-1">
            limit #{currentPage},#{pageSize}
        </if>
    </select>

    <select id="selectCount" resultType="int">
        select count(1)
        from pms_product_attribute_value
        where 1=1
        <if test="productId !=0">
            and product_id=#{productId}
        </if>
        <if test="productAttributeId !=0">
            and product_attribute_id=#{productAttributeId}
        </if>
    </select>

    <select id="selectByPrimaryKey" resultMap="BaseResultMap" parameterType="java.lang.Long" >
        select 
        <include refid="Base_Column_List" />
        from pms_product_attribute_value
        where id = #{id,jdbcType=BIGINT}
    </select>

    <delete id="deleteByPrimaryKey" parameterType="java.lang.Long" >
        delete from pms_product_attribute_value
        where id = #{id,jdbcType=BIGINT}
    </delete>

    <insert id="insert" parameterType="com.ssm.shop.pojo.PmsProductAttributeValue" >
        insert into pms_product_attribute_value (id, product_id, product_attribute_id, 
            value)
        values (#{id,jdbcType=BIGINT}, #{productId,jdbcType=BIGINT}, #{productAttributeId,jdbcType=BIGINT}, 
            #{value,jdbcType=VARCHAR})
    </insert>

    <insert id="insertSelective" parameterType="com.ssm.shop.pojo.PmsProductAttributeValue" >
        insert into pms_product_attribute_value
        <trim prefix="(" suffix=")" suffixOverrides="," >
            <if test="id != null" >
                id,
            </if>
            <if test="productId != null" >
                product_id,
            </if>
            <if test="productAttributeId != null" >
                product_attribute_id,
            </if>
            <if test="value != null" >
                value,
            </if>
        </trim>
        <trim prefix="values (" suffix=")" suffixOverrides="," >
            <if test="id != null" >
                #{id,jdbcType=BIGINT},
            </if>
            <if test="productId != null" >
                #{productId,jdbcType=BIGINT},
            </if>
            <if test="productAttributeId != null" >
                #{productAttributeId,jdbcType=BIGINT},
            </if>
            <if test="value != null" >
                #{value,jdbcType=VARCHAR},
            </if>
        </trim>
    </insert>

    <update id="updateByPrimaryKeySelective" parameterType="com.ssm.shop.pojo.PmsProductAttributeValue" >
        update pms_product_attribute_value
        <set >
            <if test="productId != null" >
                product_id = #{productId,jdbcType=BIGINT},
            </if>
            <if test="productAttributeId != null" >
                product_attribute_id = #{productAttributeId,jdbcType=BIGINT},
            </if>
            <if test="value != null" >
                value = #{value,jdbcType=VARCHAR},
            </if>
        </set>
        where id = #{id,jdbcType=BIGINT}
    </update>

    <update id="updateByPrimaryKey" parameterType="com.ssm.shop.pojo.PmsProductAttributeValue" >
        update pms_product_attribute_value
        set product_id = #{productId,jdbcType=BIGINT},
            product_attribute_id = #{productAttributeId,jdbcType=BIGINT},
            value = #{value,jdbcType=VARCHAR}
        where id = #{id,jdbcType=BIGINT}
    </update>
</mapper>