<?xml version="1.0" encoding="UTF-8" ?>
<!DOCTYPE mapper PUBLIC "-//mybatis.org//DTD Mapper 3.0//EN" "http://mybatis.org/dtd/mybatis-3-mapper.dtd" >
<mapper namespace="com.ssm.shop.dao.SmsCouponHistoryMapper" >

    <resultMap id="BaseResultMap" type="com.ssm.shop.pojo.SmsCouponHistory" >
        <id column="id" property="id" jdbcType="BIGINT" />
        <result column="coupon_id" property="couponId" jdbcType="BIGINT" />
        <result column="member_id" property="memberId" jdbcType="BIGINT" />
        <result column="coupon_code" property="couponCode" jdbcType="VARCHAR" />
        <result column="member_nickname" property="memberNickname" jdbcType="VARCHAR" />
        <result column="get_type" property="getType" jdbcType="INTEGER" />
        <result column="create_time" property="createTime" jdbcType="TIMESTAMP" />
        <result column="use_status" property="useStatus" jdbcType="INTEGER" />
        <result column="use_time" property="useTime" jdbcType="TIMESTAMP" />
        <result column="order_id" property="orderId" jdbcType="BIGINT" />
        <result column="order_sn" property="orderSn" jdbcType="VARCHAR" />
    </resultMap>

    <sql id="Base_Column_List" >
        id, coupon_id, member_id, coupon_code, member_nickname, get_type, create_time, use_status, 
        use_time, order_id, order_sn
    </sql>

    <select id="selectByPrimaryKey" resultMap="BaseResultMap" parameterType="java.lang.Long" >
        select 
        <include refid="Base_Column_List" />
        from sms_coupon_history
        where id = #{id,jdbcType=BIGINT}
    </select>

    <delete id="deleteByPrimaryKey" parameterType="java.lang.Long" >
        delete from sms_coupon_history
        where id = #{id,jdbcType=BIGINT}
    </delete>

    <insert id="insert" parameterType="com.ssm.shop.pojo.SmsCouponHistory" >
        insert into sms_coupon_history (id, coupon_id, member_id, 
            coupon_code, member_nickname, get_type, 
            create_time, use_status, use_time, 
            order_id, order_sn)
        values (#{id,jdbcType=BIGINT}, #{couponId,jdbcType=BIGINT}, #{memberId,jdbcType=BIGINT}, 
            #{couponCode,jdbcType=VARCHAR}, #{memberNickname,jdbcType=VARCHAR}, #{getType,jdbcType=INTEGER}, 
            #{createTime,jdbcType=TIMESTAMP}, #{useStatus,jdbcType=INTEGER}, #{useTime,jdbcType=TIMESTAMP}, 
            #{orderId,jdbcType=BIGINT}, #{orderSn,jdbcType=VARCHAR})
    </insert>

    <insert id="insertSelective" parameterType="com.ssm.shop.pojo.SmsCouponHistory" >
        insert into sms_coupon_history
        <trim prefix="(" suffix=")" suffixOverrides="," >
            <if test="id != null" >
                id,
            </if>
            <if test="couponId != null" >
                coupon_id,
            </if>
            <if test="memberId != null" >
                member_id,
            </if>
            <if test="couponCode != null" >
                coupon_code,
            </if>
            <if test="memberNickname != null" >
                member_nickname,
            </if>
            <if test="getType != null" >
                get_type,
            </if>
            <if test="createTime != null" >
                create_time,
            </if>
            <if test="useStatus != null" >
                use_status,
            </if>
            <if test="useTime != null" >
                use_time,
            </if>
            <if test="orderId != null" >
                order_id,
            </if>
            <if test="orderSn != null" >
                order_sn,
            </if>
        </trim>
        <trim prefix="values (" suffix=")" suffixOverrides="," >
            <if test="id != null" >
                #{id,jdbcType=BIGINT},
            </if>
            <if test="couponId != null" >
                #{couponId,jdbcType=BIGINT},
            </if>
            <if test="memberId != null" >
                #{memberId,jdbcType=BIGINT},
            </if>
            <if test="couponCode != null" >
                #{couponCode,jdbcType=VARCHAR},
            </if>
            <if test="memberNickname != null" >
                #{memberNickname,jdbcType=VARCHAR},
            </if>
            <if test="getType != null" >
                #{getType,jdbcType=INTEGER},
            </if>
            <if test="createTime != null" >
                #{createTime,jdbcType=TIMESTAMP},
            </if>
            <if test="useStatus != null" >
                #{useStatus,jdbcType=INTEGER},
            </if>
            <if test="useTime != null" >
                #{useTime,jdbcType=TIMESTAMP},
            </if>
            <if test="orderId != null" >
                #{orderId,jdbcType=BIGINT},
            </if>
            <if test="orderSn != null" >
                #{orderSn,jdbcType=VARCHAR},
            </if>
        </trim>
    </insert>

    <update id="updateByPrimaryKeySelective" parameterType="com.ssm.shop.pojo.SmsCouponHistory" >
        update sms_coupon_history
        <set >
            <if test="couponId != null" >
                coupon_id = #{couponId,jdbcType=BIGINT},
            </if>
            <if test="memberId != null" >
                member_id = #{memberId,jdbcType=BIGINT},
            </if>
            <if test="couponCode != null" >
                coupon_code = #{couponCode,jdbcType=VARCHAR},
            </if>
            <if test="memberNickname != null" >
                member_nickname = #{memberNickname,jdbcType=VARCHAR},
            </if>
            <if test="getType != null" >
                get_type = #{getType,jdbcType=INTEGER},
            </if>
            <if test="createTime != null" >
                create_time = #{createTime,jdbcType=TIMESTAMP},
            </if>
            <if test="useStatus != null" >
                use_status = #{useStatus,jdbcType=INTEGER},
            </if>
            <if test="useTime != null" >
                use_time = #{useTime,jdbcType=TIMESTAMP},
            </if>
            <if test="orderId != null" >
                order_id = #{orderId,jdbcType=BIGINT},
            </if>
            <if test="orderSn != null" >
                order_sn = #{orderSn,jdbcType=VARCHAR},
            </if>
        </set>
        where id = #{id,jdbcType=BIGINT}
    </update>

    <update id="updateByPrimaryKey" parameterType="com.ssm.shop.pojo.SmsCouponHistory" >
        update sms_coupon_history
        set coupon_id = #{couponId,jdbcType=BIGINT},
            member_id = #{memberId,jdbcType=BIGINT},
            coupon_code = #{couponCode,jdbcType=VARCHAR},
            member_nickname = #{memberNickname,jdbcType=VARCHAR},
            get_type = #{getType,jdbcType=INTEGER},
            create_time = #{createTime,jdbcType=TIMESTAMP},
            use_status = #{useStatus,jdbcType=INTEGER},
            use_time = #{useTime,jdbcType=TIMESTAMP},
            order_id = #{orderId,jdbcType=BIGINT},
            order_sn = #{orderSn,jdbcType=VARCHAR}
        where id = #{id,jdbcType=BIGINT}
    </update>
</mapper>