<?xml version="1.0" encoding="UTF-8" ?>
<!DOCTYPE mapper PUBLIC "-//mybatis.org//DTD Mapper 3.0//EN" "http://mybatis.org/dtd/mybatis-3-mapper.dtd" >
<mapper namespace="com.ssm.shop.dao.SmsCouponProductMapper" >

    <resultMap id="BaseResultMap" type="com.ssm.shop.pojo.SmsCouponProduct" >
        <id column="id" property="id" jdbcType="BIGINT" />
        <result column="coupon_id" property="couponId" jdbcType="BIGINT" />
        <result column="product_id" property="productId" jdbcType="BIGINT" />
        <result column="product_name" property="productName" jdbcType="VARCHAR" />
        <result column="product_sn" property="productSn" jdbcType="VARCHAR" />
    </resultMap>

    <sql id="Base_Column_List" >
        id, coupon_id, product_id, product_name, product_sn
    </sql>

    <select id="selectByPrimaryKey" resultMap="BaseResultMap" parameterType="java.lang.Long" >
        select 
        <include refid="Base_Column_List" />
        from sms_coupon_product_relation
        where id = #{id,jdbcType=BIGINT}
    </select>

    <delete id="deleteByPrimaryKey" parameterType="java.lang.Long" >
        delete from sms_coupon_product_relation
        where id = #{id,jdbcType=BIGINT}
    </delete>

    <insert id="insert" parameterType="com.ssm.shop.pojo.SmsCouponProduct" >
        insert into sms_coupon_product_relation (id, coupon_id, product_id, 
            product_name, product_sn)
        values (#{id,jdbcType=BIGINT}, #{couponId,jdbcType=BIGINT}, #{productId,jdbcType=BIGINT}, 
            #{productName,jdbcType=VARCHAR}, #{productSn,jdbcType=VARCHAR})
    </insert>

    <insert id="insertSelective" parameterType="com.ssm.shop.pojo.SmsCouponProduct" >
        insert into sms_coupon_product_relation
        <trim prefix="(" suffix=")" suffixOverrides="," >
            <if test="id != null" >
                id,
            </if>
            <if test="couponId != null" >
                coupon_id,
            </if>
            <if test="productId != null" >
                product_id,
            </if>
            <if test="productName != null" >
                product_name,
            </if>
            <if test="productSn != null" >
                product_sn,
            </if>
        </trim>
        <trim prefix="values (" suffix=")" suffixOverrides="," >
            <if test="id != null" >
                #{id,jdbcType=BIGINT},
            </if>
            <if test="couponId != null" >
                #{couponId,jdbcType=BIGINT},
            </if>
            <if test="productId != null" >
                #{productId,jdbcType=BIGINT},
            </if>
            <if test="productName != null" >
                #{productName,jdbcType=VARCHAR},
            </if>
            <if test="productSn != null" >
                #{productSn,jdbcType=VARCHAR},
            </if>
        </trim>
    </insert>

    <update id="updateByPrimaryKeySelective" parameterType="com.ssm.shop.pojo.SmsCouponProduct" >
        update sms_coupon_product_relation
        <set >
            <if test="couponId != null" >
                coupon_id = #{couponId,jdbcType=BIGINT},
            </if>
            <if test="productId != null" >
                product_id = #{productId,jdbcType=BIGINT},
            </if>
            <if test="productName != null" >
                product_name = #{productName,jdbcType=VARCHAR},
            </if>
            <if test="productSn != null" >
                product_sn = #{productSn,jdbcType=VARCHAR},
            </if>
        </set>
        where id = #{id,jdbcType=BIGINT}
    </update>

    <update id="updateByPrimaryKey" parameterType="com.ssm.shop.pojo.SmsCouponProduct" >
        update sms_coupon_product_relation
        set coupon_id = #{couponId,jdbcType=BIGINT},
            product_id = #{productId,jdbcType=BIGINT},
            product_name = #{productName,jdbcType=VARCHAR},
            product_sn = #{productSn,jdbcType=VARCHAR}
        where id = #{id,jdbcType=BIGINT}
    </update>
</mapper>