<?xml version="1.0" encoding="UTF-8" ?>
<!DOCTYPE mapper PUBLIC "-//mybatis.org//DTD Mapper 3.0//EN" "http://mybatis.org/dtd/mybatis-3-mapper.dtd" >
<mapper namespace="com.ssm.shop.dao.UmsMemberLevelMapper" >

    <resultMap id="BaseResultMap" type="com.ssm.shop.pojo.UmsMemberLevel" >
        <id column="id" property="id" jdbcType="BIGINT" />
        <result column="name" property="name" jdbcType="VARCHAR" />
        <result column="growth_point" property="growthPoint" jdbcType="INTEGER" />
        <result column="default_status" property="defaultStatus" jdbcType="INTEGER" />
        <result column="free_freight_point" property="freeFreightPoint" jdbcType="DECIMAL" />
        <result column="comment_growth_point" property="commentGrowthPoint" jdbcType="INTEGER" />
        <result column="priviledge_free_freight" property="priviledgeFreeFreight" jdbcType="INTEGER" />
        <result column="priviledge_sign_in" property="priviledgeSignIn" jdbcType="INTEGER" />
        <result column="priviledge_comment" property="priviledgeComment" jdbcType="INTEGER" />
        <result column="priviledge_promotion" property="priviledgePromotion" jdbcType="INTEGER" />
        <result column="priviledge_member_price" property="priviledgeMemberPrice" jdbcType="INTEGER" />
        <result column="priviledge_birthday" property="priviledgeBirthday" jdbcType="INTEGER" />
        <result column="note" property="note" jdbcType="VARCHAR" />
    </resultMap>

    <sql id="Base_Column_List" >
        id, name, growth_point, default_status, free_freight_point, comment_growth_point, 
        priviledge_free_freight, priviledge_sign_in, priviledge_comment, priviledge_promotion, 
        priviledge_member_price, priviledge_birthday, note
    </sql>

    <select id="listUmsMemberLevelByPage" resultMap="BaseResultMap">
        select <include refid="Base_Column_List"></include>
        from ums_member_level
        where 1=1
        <if test="defaultStatus !=null">
            and default_status=#{defaultStatus}
        </if>
        <if test="currentPage!=-1 and pageSize!=-1">
            limit #{currentPage},#{pageSize}
        </if>
    </select>

    <select id="selectCount" resultType="int">
        select count(1)
        from ums_member_level
        where 1=1
        <if test="defaultStatus !=null">
            and default_status=#{defaultStatus}
        </if>
    </select>

    <select id="selectByPrimaryKey" resultMap="BaseResultMap" parameterType="java.lang.Long" >
        select 
        <include refid="Base_Column_List" />
        from ums_member_level
        where id = #{id,jdbcType=BIGINT}
    </select>

    <delete id="deleteByPrimaryKey" parameterType="java.lang.Long" >
        delete from ums_member_level
        where id = #{id,jdbcType=BIGINT}
    </delete>

    <insert id="insert" parameterType="com.ssm.shop.pojo.UmsMemberLevel" >
        insert into ums_member_level (id, name, growth_point, 
            default_status, free_freight_point, comment_growth_point, 
            priviledge_free_freight, priviledge_sign_in, 
            priviledge_comment, priviledge_promotion, 
            priviledge_member_price, priviledge_birthday, 
            note)
        values (#{id,jdbcType=BIGINT}, #{name,jdbcType=VARCHAR}, #{growthPoint,jdbcType=INTEGER}, 
            #{defaultStatus,jdbcType=INTEGER}, #{freeFreightPoint,jdbcType=DECIMAL}, #{commentGrowthPoint,jdbcType=INTEGER}, 
            #{priviledgeFreeFreight,jdbcType=INTEGER}, #{priviledgeSignIn,jdbcType=INTEGER}, 
            #{priviledgeComment,jdbcType=INTEGER}, #{priviledgePromotion,jdbcType=INTEGER}, 
            #{priviledgeMemberPrice,jdbcType=INTEGER}, #{priviledgeBirthday,jdbcType=INTEGER}, 
            #{note,jdbcType=VARCHAR})
    </insert>

    <insert id="insertSelective" parameterType="com.ssm.shop.pojo.UmsMemberLevel" >
        insert into ums_member_level
        <trim prefix="(" suffix=")" suffixOverrides="," >
            <if test="id != null" >
                id,
            </if>
            <if test="name != null" >
                name,
            </if>
            <if test="growthPoint != null" >
                growth_point,
            </if>
            <if test="defaultStatus != null" >
                default_status,
            </if>
            <if test="freeFreightPoint != null" >
                free_freight_point,
            </if>
            <if test="commentGrowthPoint != null" >
                comment_growth_point,
            </if>
            <if test="priviledgeFreeFreight != null" >
                priviledge_free_freight,
            </if>
            <if test="priviledgeSignIn != null" >
                priviledge_sign_in,
            </if>
            <if test="priviledgeComment != null" >
                priviledge_comment,
            </if>
            <if test="priviledgePromotion != null" >
                priviledge_promotion,
            </if>
            <if test="priviledgeMemberPrice != null" >
                priviledge_member_price,
            </if>
            <if test="priviledgeBirthday != null" >
                priviledge_birthday,
            </if>
            <if test="note != null" >
                note,
            </if>
        </trim>
        <trim prefix="values (" suffix=")" suffixOverrides="," >
            <if test="id != null" >
                #{id,jdbcType=BIGINT},
            </if>
            <if test="name != null" >
                #{name,jdbcType=VARCHAR},
            </if>
            <if test="growthPoint != null" >
                #{growthPoint,jdbcType=INTEGER},
            </if>
            <if test="defaultStatus != null" >
                #{defaultStatus,jdbcType=INTEGER},
            </if>
            <if test="freeFreightPoint != null" >
                #{freeFreightPoint,jdbcType=DECIMAL},
            </if>
            <if test="commentGrowthPoint != null" >
                #{commentGrowthPoint,jdbcType=INTEGER},
            </if>
            <if test="priviledgeFreeFreight != null" >
                #{priviledgeFreeFreight,jdbcType=INTEGER},
            </if>
            <if test="priviledgeSignIn != null" >
                #{priviledgeSignIn,jdbcType=INTEGER},
            </if>
            <if test="priviledgeComment != null" >
                #{priviledgeComment,jdbcType=INTEGER},
            </if>
            <if test="priviledgePromotion != null" >
                #{priviledgePromotion,jdbcType=INTEGER},
            </if>
            <if test="priviledgeMemberPrice != null" >
                #{priviledgeMemberPrice,jdbcType=INTEGER},
            </if>
            <if test="priviledgeBirthday != null" >
                #{priviledgeBirthday,jdbcType=INTEGER},
            </if>
            <if test="note != null" >
                #{note,jdbcType=VARCHAR},
            </if>
        </trim>
    </insert>

    <update id="updateByPrimaryKeySelective" parameterType="com.ssm.shop.pojo.UmsMemberLevel" >
        update ums_member_level
        <set >
            <if test="name != null" >
                name = #{name,jdbcType=VARCHAR},
            </if>
            <if test="growthPoint != null" >
                growth_point = #{growthPoint,jdbcType=INTEGER},
            </if>
            <if test="defaultStatus != null" >
                default_status = #{defaultStatus,jdbcType=INTEGER},
            </if>
            <if test="freeFreightPoint != null" >
                free_freight_point = #{freeFreightPoint,jdbcType=DECIMAL},
            </if>
            <if test="commentGrowthPoint != null" >
                comment_growth_point = #{commentGrowthPoint,jdbcType=INTEGER},
            </if>
            <if test="priviledgeFreeFreight != null" >
                priviledge_free_freight = #{priviledgeFreeFreight,jdbcType=INTEGER},
            </if>
            <if test="priviledgeSignIn != null" >
                priviledge_sign_in = #{priviledgeSignIn,jdbcType=INTEGER},
            </if>
            <if test="priviledgeComment != null" >
                priviledge_comment = #{priviledgeComment,jdbcType=INTEGER},
            </if>
            <if test="priviledgePromotion != null" >
                priviledge_promotion = #{priviledgePromotion,jdbcType=INTEGER},
            </if>
            <if test="priviledgeMemberPrice != null" >
                priviledge_member_price = #{priviledgeMemberPrice,jdbcType=INTEGER},
            </if>
            <if test="priviledgeBirthday != null" >
                priviledge_birthday = #{priviledgeBirthday,jdbcType=INTEGER},
            </if>
            <if test="note != null" >
                note = #{note,jdbcType=VARCHAR},
            </if>
        </set>
        where id = #{id,jdbcType=BIGINT}
    </update>

    <update id="updateByPrimaryKey" parameterType="com.ssm.shop.pojo.UmsMemberLevel" >
        update ums_member_level
        set name = #{name,jdbcType=VARCHAR},
            growth_point = #{growthPoint,jdbcType=INTEGER},
            default_status = #{defaultStatus,jdbcType=INTEGER},
            free_freight_point = #{freeFreightPoint,jdbcType=DECIMAL},
            comment_growth_point = #{commentGrowthPoint,jdbcType=INTEGER},
            priviledge_free_freight = #{priviledgeFreeFreight,jdbcType=INTEGER},
            priviledge_sign_in = #{priviledgeSignIn,jdbcType=INTEGER},
            priviledge_comment = #{priviledgeComment,jdbcType=INTEGER},
            priviledge_promotion = #{priviledgePromotion,jdbcType=INTEGER},
            priviledge_member_price = #{priviledgeMemberPrice,jdbcType=INTEGER},
            priviledge_birthday = #{priviledgeBirthday,jdbcType=INTEGER},
            note = #{note,jdbcType=VARCHAR}
        where id = #{id,jdbcType=BIGINT}
    </update>
</mapper>