<?xml version="1.0" encoding="UTF-8" ?>
<!DOCTYPE mapper PUBLIC "-//mybatis.org//DTD Mapper 3.0//EN" "http://mybatis.org/dtd/mybatis-3-mapper.dtd" >
<mapper namespace="com.ssm.shop.dao.UmsMemberReceiveAddressMapper" >

    <resultMap id="BaseResultMap" type="com.ssm.shop.pojo.UmsMemberReceiveAddress" >
        <id column="id" property="id" jdbcType="BIGINT" />
        <result column="member_id" property="memberId" jdbcType="BIGINT" />
        <result column="name" property="name" jdbcType="VARCHAR" />
        <result column="phone_number" property="phoneNumber" jdbcType="VARCHAR" />
        <result column="default_status" property="defaultStatus" jdbcType="INTEGER" />
        <result column="post_code" property="postCode" jdbcType="VARCHAR" />
        <result column="province" property="province" jdbcType="VARCHAR" />
        <result column="city" property="city" jdbcType="VARCHAR" />
        <result column="region" property="region" jdbcType="VARCHAR" />
        <result column="detail_address" property="detailAddress" jdbcType="VARCHAR" />
    </resultMap>

    <sql id="Base_Column_List" >
        id, member_id, name, phone_number, default_status, post_code, province, city, region, 
        detail_address
    </sql>

    <select id="listUmsMemberReceiveAddressByPage" resultMap="BaseResultMap">
        select  * from ums_member_receive_address
        where 1=1
        <if test="memberId !=0">
            and member_id=#{memberId}
        </if>
        <if test="currentPage!=-1 and pageSize!=-1">
            limit #{currentPage},#{pageSize}
        </if>
    </select>

    <select id="selectCount" resultType="int">
        select count(1)
        from ums_member_receive_address
        where 1=1
        <if test="memberId !=0">
            and member_id=#{memberId}
        </if>
    </select>

    <select id="selectByPrimaryKey" resultMap="BaseResultMap" parameterType="java.lang.Long" >
        select 
        <include refid="Base_Column_List" />
        from ums_member_receive_address
        where id = #{id,jdbcType=BIGINT}
    </select>

    <delete id="deleteByPrimaryKey" parameterType="java.lang.Long" >
        delete from ums_member_receive_address
        where id = #{id,jdbcType=BIGINT}
    </delete>

    <insert id="insert" parameterType="com.ssm.shop.pojo.UmsMemberReceiveAddress" >
        insert into ums_member_receive_address (id, member_id, name, 
            phone_number, default_status, post_code, 
            province, city, region, 
            detail_address)
        values (#{id,jdbcType=BIGINT}, #{memberId,jdbcType=BIGINT}, #{name,jdbcType=VARCHAR}, 
            #{phoneNumber,jdbcType=VARCHAR}, #{defaultStatus,jdbcType=INTEGER}, #{postCode,jdbcType=VARCHAR}, 
            #{province,jdbcType=VARCHAR}, #{city,jdbcType=VARCHAR}, #{region,jdbcType=VARCHAR}, 
            #{detailAddress,jdbcType=VARCHAR})
    </insert>

    <insert id="insertSelective" parameterType="com.ssm.shop.pojo.UmsMemberReceiveAddress" >
        insert into ums_member_receive_address
        <trim prefix="(" suffix=")" suffixOverrides="," >
            <if test="id != null" >
                id,
            </if>
            <if test="memberId != null" >
                member_id,
            </if>
            <if test="name != null" >
                name,
            </if>
            <if test="phoneNumber != null" >
                phone_number,
            </if>
            <if test="defaultStatus != null" >
                default_status,
            </if>
            <if test="postCode != null" >
                post_code,
            </if>
            <if test="province != null" >
                province,
            </if>
            <if test="city != null" >
                city,
            </if>
            <if test="region != null" >
                region,
            </if>
            <if test="detailAddress != null" >
                detail_address,
            </if>
        </trim>
        <trim prefix="values (" suffix=")" suffixOverrides="," >
            <if test="id != null" >
                #{id,jdbcType=BIGINT},
            </if>
            <if test="memberId != null" >
                #{memberId,jdbcType=BIGINT},
            </if>
            <if test="name != null" >
                #{name,jdbcType=VARCHAR},
            </if>
            <if test="phoneNumber != null" >
                #{phoneNumber,jdbcType=VARCHAR},
            </if>
            <if test="defaultStatus != null" >
                #{defaultStatus,jdbcType=INTEGER},
            </if>
            <if test="postCode != null" >
                #{postCode,jdbcType=VARCHAR},
            </if>
            <if test="province != null" >
                #{province,jdbcType=VARCHAR},
            </if>
            <if test="city != null" >
                #{city,jdbcType=VARCHAR},
            </if>
            <if test="region != null" >
                #{region,jdbcType=VARCHAR},
            </if>
            <if test="detailAddress != null" >
                #{detailAddress,jdbcType=VARCHAR},
            </if>
        </trim>
    </insert>

    <update id="updateByPrimaryKeySelective" parameterType="com.ssm.shop.pojo.UmsMemberReceiveAddress" >
        update ums_member_receive_address
        <set >
            <if test="memberId != null" >
                member_id = #{memberId,jdbcType=BIGINT},
            </if>
            <if test="name != null" >
                name = #{name,jdbcType=VARCHAR},
            </if>
            <if test="phoneNumber != null" >
                phone_number = #{phoneNumber,jdbcType=VARCHAR},
            </if>
            <if test="defaultStatus != null" >
                default_status = #{defaultStatus,jdbcType=INTEGER},
            </if>
            <if test="postCode != null" >
                post_code = #{postCode,jdbcType=VARCHAR},
            </if>
            <if test="province != null" >
                province = #{province,jdbcType=VARCHAR},
            </if>
            <if test="city != null" >
                city = #{city,jdbcType=VARCHAR},
            </if>
            <if test="region != null" >
                region = #{region,jdbcType=VARCHAR},
            </if>
            <if test="detailAddress != null" >
                detail_address = #{detailAddress,jdbcType=VARCHAR},
            </if>
        </set>
        where id = #{id,jdbcType=BIGINT}
    </update>

    <update id="updateByPrimaryKey" parameterType="com.ssm.shop.pojo.UmsMemberReceiveAddress" >
        update ums_member_receive_address
        set member_id = #{memberId,jdbcType=BIGINT},
            name = #{name,jdbcType=VARCHAR},
            phone_number = #{phoneNumber,jdbcType=VARCHAR},
            default_status = #{defaultStatus,jdbcType=INTEGER},
            post_code = #{postCode,jdbcType=VARCHAR},
            province = #{province,jdbcType=VARCHAR},
            city = #{city,jdbcType=VARCHAR},
            region = #{region,jdbcType=VARCHAR},
            detail_address = #{detailAddress,jdbcType=VARCHAR}
        where id = #{id,jdbcType=BIGINT}
    </update>
</mapper>