<?xml version="1.0" encoding="UTF-8" ?>
<!DOCTYPE mapper PUBLIC "-//mybatis.org//DTD Mapper 3.0//EN" "http://mybatis.org/dtd/mybatis-3-mapper.dtd" >
<mapper namespace="com.ssm.shop.dao.UmsMemberMapper" >

    <resultMap id="BaseResultMap" type="com.ssm.shop.pojo.UmsMember" >
        <id column="id" property="id" jdbcType="BIGINT" />
        <result column="member_level_id" property="memberLevelId" jdbcType="BIGINT" />
        <result column="username" property="username" jdbcType="VARCHAR" />
        <result column="password" property="password" jdbcType="VARCHAR" />
        <result column="nickname" property="nickname" jdbcType="VARCHAR" />
        <result column="phone" property="phone" jdbcType="VARCHAR" />
        <result column="status" property="status" jdbcType="INTEGER" />
        <result column="create_time" property="createTime" jdbcType="TIMESTAMP" />
        <result column="icon" property="icon" jdbcType="VARCHAR" />
        <result column="gender" property="gender" jdbcType="INTEGER" />
        <result column="birthday" property="birthday" jdbcType="DATE" />
        <result column="city" property="city" jdbcType="VARCHAR" />
        <result column="job" property="job" jdbcType="VARCHAR" />
        <result column="personalized_signature" property="personalizedSignature" jdbcType="VARCHAR" />
        <result column="source_type" property="sourceType" jdbcType="INTEGER" />
        <result column="integration" property="integration" jdbcType="INTEGER" />
        <result column="growth" property="growth" jdbcType="INTEGER" />
        <result column="luckey_count" property="luckeyCount" jdbcType="INTEGER" />
        <result column="history_integration" property="historyIntegration" jdbcType="INTEGER" />
    </resultMap>

    <sql id="Base_Column_List" >
        id, member_level_id, username, password, nickname, phone, status, create_time, icon, 
        gender, birthday, city, job, personalized_signature, source_type, integration, growth, 
        luckey_count, history_integration
    </sql>

    <select id="login" resultMap="BaseResultMap">
        select * from ums_member a where a.username=#{username} and a.password=#{password}
    </select>

    <select id="listUmsMemberByPage" resultMap="BaseResultMap">
        select * from ums_member
        where 1=1
        <if test="memberLevelId !=0">
            and member_level_id=#{memberLevelId}
        </if>
        <if test="username !=null and username !='' ">
            and username =#{username}
        </if>
        <if test="phone !=null and phone !=''">
            and phone =#{phone}
        </if>
        <if test="status !=null">
            and status=#{status}
        </if>
        <if test="currentPage!=-1 and pageSize!=-1">
            limit #{currentPage},#{pageSize}
        </if>
    </select>

    <select id="selectCount" resultType="int">
        select count(1) from ums_member
        where 1=1
        <if test="memberLevelId !=0">
            and member_level_id=#{memberLevelId}
        </if>
        <if test="username !=null and username !='' ">
            and username =#{username}
        </if>
        <if test="phone !=null and phone !=''">
            and phone =#{phone}
        </if>
        <if test="status !=null">
            and status=#{status}
        </if>
    </select>

    <select id="selectByPrimaryKey" resultMap="BaseResultMap" parameterType="java.lang.Long" >
        select 
        <include refid="Base_Column_List" />
        from ums_member
        where id = #{id,jdbcType=BIGINT}
    </select>

    <delete id="deleteByPrimaryKey" parameterType="java.lang.Long" >
        delete from ums_member
        where id = #{id,jdbcType=BIGINT}
    </delete>

    <insert id="insert" parameterType="com.ssm.shop.pojo.UmsMember" >
        insert into ums_member (id, member_level_id, username, 
            password, nickname, phone, 
            status, create_time, icon, 
            gender, birthday, city, 
            job, personalized_signature, source_type, 
            integration, growth, luckey_count, 
            history_integration)
        values (#{id,jdbcType=BIGINT}, #{memberLevelId,jdbcType=BIGINT}, #{username,jdbcType=VARCHAR}, 
            #{password,jdbcType=VARCHAR}, #{nickname,jdbcType=VARCHAR}, #{phone,jdbcType=VARCHAR}, 
            #{status,jdbcType=INTEGER}, #{createTime,jdbcType=TIMESTAMP}, #{icon,jdbcType=VARCHAR}, 
            #{gender,jdbcType=INTEGER}, #{birthday,jdbcType=DATE}, #{city,jdbcType=VARCHAR}, 
            #{job,jdbcType=VARCHAR}, #{personalizedSignature,jdbcType=VARCHAR}, #{sourceType,jdbcType=INTEGER}, 
            #{integration,jdbcType=INTEGER}, #{growth,jdbcType=INTEGER}, #{luckeyCount,jdbcType=INTEGER}, 
            #{historyIntegration,jdbcType=INTEGER})
    </insert>

    <insert id="insertSelective" parameterType="com.ssm.shop.pojo.UmsMember" >
        insert into ums_member
        <trim prefix="(" suffix=")" suffixOverrides="," >
            <if test="id != null" >
                id,
            </if>
            <if test="memberLevelId != null" >
                member_level_id,
            </if>
            <if test="username != null" >
                username,
            </if>
            <if test="password != null" >
                password,
            </if>
            <if test="nickname != null" >
                nickname,
            </if>
            <if test="phone != null" >
                phone,
            </if>
            <if test="status != null" >
                status,
            </if>
            <if test="createTime != null" >
                create_time,
            </if>
            <if test="icon != null" >
                icon,
            </if>
            <if test="gender != null" >
                gender,
            </if>
            <if test="birthday != null" >
                birthday,
            </if>
            <if test="city != null" >
                city,
            </if>
            <if test="job != null" >
                job,
            </if>
            <if test="personalizedSignature != null" >
                personalized_signature,
            </if>
            <if test="sourceType != null" >
                source_type,
            </if>
            <if test="integration != null" >
                integration,
            </if>
            <if test="growth != null" >
                growth,
            </if>
            <if test="luckeyCount != null" >
                luckey_count,
            </if>
            <if test="historyIntegration != null" >
                history_integration,
            </if>
        </trim>
        <trim prefix="values (" suffix=")" suffixOverrides="," >
            <if test="id != null" >
                #{id,jdbcType=BIGINT},
            </if>
            <if test="memberLevelId != null" >
                #{memberLevelId,jdbcType=BIGINT},
            </if>
            <if test="username != null" >
                #{username,jdbcType=VARCHAR},
            </if>
            <if test="password != null" >
                #{password,jdbcType=VARCHAR},
            </if>
            <if test="nickname != null" >
                #{nickname,jdbcType=VARCHAR},
            </if>
            <if test="phone != null" >
                #{phone,jdbcType=VARCHAR},
            </if>
            <if test="status != null" >
                #{status,jdbcType=INTEGER},
            </if>
            <if test="createTime != null" >
                #{createTime,jdbcType=TIMESTAMP},
            </if>
            <if test="icon != null" >
                #{icon,jdbcType=VARCHAR},
            </if>
            <if test="gender != null" >
                #{gender,jdbcType=INTEGER},
            </if>
            <if test="birthday != null" >
                #{birthday,jdbcType=DATE},
            </if>
            <if test="city != null" >
                #{city,jdbcType=VARCHAR},
            </if>
            <if test="job != null" >
                #{job,jdbcType=VARCHAR},
            </if>
            <if test="personalizedSignature != null" >
                #{personalizedSignature,jdbcType=VARCHAR},
            </if>
            <if test="sourceType != null" >
                #{sourceType,jdbcType=INTEGER},
            </if>
            <if test="integration != null" >
                #{integration,jdbcType=INTEGER},
            </if>
            <if test="growth != null" >
                #{growth,jdbcType=INTEGER},
            </if>
            <if test="luckeyCount != null" >
                #{luckeyCount,jdbcType=INTEGER},
            </if>
            <if test="historyIntegration != null" >
                #{historyIntegration,jdbcType=INTEGER},
            </if>
        </trim>
    </insert>

    <update id="updateByPrimaryKeySelective" parameterType="com.ssm.shop.pojo.UmsMember" >
        update ums_member
        <set >
            <if test="memberLevelId != null" >
                member_level_id = #{memberLevelId,jdbcType=BIGINT},
            </if>
            <if test="username != null" >
                username = #{username,jdbcType=VARCHAR},
            </if>
            <if test="password != null" >
                password = #{password,jdbcType=VARCHAR},
            </if>
            <if test="nickname != null" >
                nickname = #{nickname,jdbcType=VARCHAR},
            </if>
            <if test="phone != null" >
                phone = #{phone,jdbcType=VARCHAR},
            </if>
            <if test="status != null" >
                status = #{status,jdbcType=INTEGER},
            </if>
            <if test="createTime != null" >
                create_time = #{createTime,jdbcType=TIMESTAMP},
            </if>
            <if test="icon != null" >
                icon = #{icon,jdbcType=VARCHAR},
            </if>
            <if test="gender != null" >
                gender = #{gender,jdbcType=INTEGER},
            </if>
            <if test="birthday != null" >
                birthday = #{birthday,jdbcType=DATE},
            </if>
            <if test="city != null" >
                city = #{city,jdbcType=VARCHAR},
            </if>
            <if test="job != null" >
                job = #{job,jdbcType=VARCHAR},
            </if>
            <if test="personalizedSignature != null" >
                personalized_signature = #{personalizedSignature,jdbcType=VARCHAR},
            </if>
            <if test="sourceType != null" >
                source_type = #{sourceType,jdbcType=INTEGER},
            </if>
            <if test="integration != null" >
                integration = #{integration,jdbcType=INTEGER},
            </if>
            <if test="growth != null" >
                growth = #{growth,jdbcType=INTEGER},
            </if>
            <if test="luckeyCount != null" >
                luckey_count = #{luckeyCount,jdbcType=INTEGER},
            </if>
            <if test="historyIntegration != null" >
                history_integration = #{historyIntegration,jdbcType=INTEGER},
            </if>
        </set>
        where id = #{id,jdbcType=BIGINT}
    </update>

    <update id="updateByPrimaryKey" parameterType="com.ssm.shop.pojo.UmsMember" >
        update ums_member
        set member_level_id = #{memberLevelId,jdbcType=BIGINT},
            username = #{username,jdbcType=VARCHAR},
            password = #{password,jdbcType=VARCHAR},
            nickname = #{nickname,jdbcType=VARCHAR},
            phone = #{phone,jdbcType=VARCHAR},
            status = #{status,jdbcType=INTEGER},
            create_time = #{createTime,jdbcType=TIMESTAMP},
            icon = #{icon,jdbcType=VARCHAR},
            gender = #{gender,jdbcType=INTEGER},
            birthday = #{birthday,jdbcType=DATE},
            city = #{city,jdbcType=VARCHAR},
            job = #{job,jdbcType=VARCHAR},
            personalized_signature = #{personalizedSignature,jdbcType=VARCHAR},
            source_type = #{sourceType,jdbcType=INTEGER},
            integration = #{integration,jdbcType=INTEGER},
            growth = #{growth,jdbcType=INTEGER},
            luckey_count = #{luckeyCount,jdbcType=INTEGER},
            history_integration = #{historyIntegration,jdbcType=INTEGER}
        where id = #{id,jdbcType=BIGINT}
    </update>
</mapper>